trial,participant_id,chord_type,tension_rating,dissonance,loudness_db
1,P01,major-seventh,30.4,0.163,60.7
2,P01,augmented,73.9,0.507,71.5
3,P01,dominant-seventh,12.2,0.308,66.2
4,P01,Major,15.2,0.08,69.8
5,P01,dominant-seventh,44.0,0.337,75.3
6,P01,dominant-seventh,22.7,0.312,67.5
7,P01,minor,22.9,0.152,78.8
8,P01,major-seventh,1.8,0.171,64.8
9,P01,half-diminished,43.7,0.516,84.7
10,P01,diminished-seventh,22.4,0.526,65.7
11,P01,major-seventh,23.6,0.17,64.4
12,P01,dominant-seventh,26.0,0.312,67.5
13,P01,half-diminished,56.6,0.512,83.8
14,P01,major-seventh,9.4,0.186,73.6
15,P01,half-diminished,47.1,0.51,83.4
16,P01,diminished-seventh,42.5,0.516,63.9
17,P01,augmented,40.2,0.526,75.2
18,P01,augmented,22.9,0.439,57.8
19,P01,minor,5.1,0.144,73.1
20,P01,dominant-seventh,21.8,0.33,73.0
21,P01,Major,22.4,0.089,81.7
22,P01,major-seventh,0.0,0.163,60.6
23,P01,minor,17.0,0.152,78.6
24,P01,augmented,55.6,0.524,74.8
25,P01,Major,0.0,0.09,82.5
26,P01,diminished-seventh,34.1,0.567,73.0
27,P01,minor,23.7,0.125,59.0
28,P01,diminished-seventh,44.4,0.534,67.1
29,P01,minor,0.0,0.122,57.0
30,P01,half-diminished,50.3,0.498,80.7
31,P01,Major,0.0,0.076,64.6
32,P01,augmented,37.0,0.475,65.1
33,P01,half-diminished,28.9,0.4,58.9
34,P01,diminished-seventh,40.0,0.473,56.0
35,P01,Major,0.0,0.081,71.6
1,P02,half-diminished,40.1,0.396,58.1
2,P02,dominant-seventh,38.5,0.364,83.9
3,P02,Major,20.7,0.071,58.4
4,P02,diminished-seventh,38.4,0.484,58.0
5,P02,minor,20.1,0.157,82.4
6,P02,diminished-seventh,75.8,0.564,72.6
7,P02,major-seventh,27.1,0.189,75.0
8,P02,half-diminished,43.2,0.489,78.7
9,P02,dominant-seventh,21.7,0.29,60.5
10,P02,Major,25.5,0.081,71.6
11,P02,augmented,33.6,0.461,62.2
12,P02,Major,15.8,0.077,66.0
13,P02,Major,34.7,0.091,84.0
14,P02,minor,18.5,0.124,58.6
15,P02,minor,41.8,0.128,61.2
16,P02,dominant-seventh,45.9,0.326,72.0
17,P02,diminished-seventh,61.0,0.622,83.1
18,P02,half-diminished,63.0,0.498,80.6
19,P02,minor,20.2,0.153,79.3
20,P02,Major,9.7,0.085,76.5
21,P02,diminished-seventh,85.1,0.608,80.5
22,P02,major-seventh,15.7,0.168,63.3
23,P02,augmented,72.6,0.536,77.2
24,P02,major-seventh,40.2,0.189,74.9
25,P02,dominant-seventh,31.2,0.287,59.8
26,P02,half-diminished,52.8,0.445,68.9
27,P02,major-seventh,0.0,0.188,74.3
28,P02,augmented,61.7,0.541,78.2
29,P02,half-diminished,43.2,0.41,61.2
30,P02,augmented,62.6,0.54,78.1
31,P02,augmented,15.2,0.437,57.4
32,P02,diminished-seventh,70.9,0.615,81.9
33,P02,minor,3.2,0.128,61.2
34,P02,dominant-seventh,30.7,0.297,62.9
35,P02,major-seventh,9.9,0.154,55.6
1,P03,minor,6.7,0.159,83.4
2,P03,diminished-seventh,33.5,0.547,69.5
3,P03,augmented,32.9,0.428,55.7
4,P03,half-diminished,29.5,0.393,57.3
5,P03,augmented,7.1,0.46,62.0
6,P03,minor,0.6,0.126,59.9
7,P03,augmented,74.4,0.562,82.5
8,P03,Major,15.4,0.086,77.2
9,P03,minor,1.5,0.158,83.0
10,P03,augmented,43.1,0.509,71.8
11,P03,half-diminished,12.4,0.451,70.2
12,P03,major-seventh,18.5,0.195,78.6
13,P03,Major,0.0,0.073,61.0
14,P03,dominant-seventh,0.1,0.274,55.5
15,P03,dominant-seventh,4.6,0.324,71.3
16,P03,major-seventh,45.2,0.204,83.1
17,P03,diminished-seventh,16.3,0.538,67.9
18,P03,major-seventh,0.0,0.154,55.3
19,P03,Major,0.0,0.076,64.9
20,P03,Major,0.0,0.086,77.7
21,P03,Major,0.0,0.071,58.5
22,P03,augmented,48.1,0.558,81.6
23,P03,half-diminished,55.7,0.483,77.3
24,P03,half-diminished,34.6,0.453,70.7
25,P03,minor,0.0,0.137,67.5
26,P03,diminished-seventh,64.9,0.618,82.3
27,P03,diminished-seventh,60.4,0.591,77.4
28,P03,dominant-seventh,3.9,0.283,58.4
29,P03,major-seventh,0.0,0.181,70.3
30,P03,major-seventh,24.6,0.193,77.3
31,P03,dominant-seventh,0.5,0.273,55.3
32,P03,dominant-seventh,2.9,0.303,64.6
33,P03,diminished-seventh,21.1,0.532,66.8
34,P03,minor,0.0,0.121,56.5
35,P03,half-diminished,39.8,0.496,80.3
1,P04,dominant-seventh,62.2,0.362,83.1
2,P04,augmented,71.0,0.561,82.3
3,P04,diminished-seventh,56.0,0.575,74.5
4,P04,major-seventh,25.7,0.182,70.9
5,P04,diminished-seventh,44.4,0.501,61.0
6,P04,augmented,74.5,0.542,78.5
7,P04,Major,14.6,0.085,76.8
8,P04,minor,33.4,0.136,67.4
9,P04,diminished-seventh,61.6,0.576,74.8
10,P04,minor,22.3,0.139,69.0
11,P04,major-seventh,37.3,0.181,70.5
12,P04,half-diminished,37.7,0.405,60.0
13,P04,diminished-seventh,84.5,0.597,78.5
14,P04,half-diminished,22.2,0.434,66.4
15,P04,dominant-seventh,16.1,0.281,57.8
16,P04,minor,39.6,0.128,61.4
17,P04,major-seventh,29.5,0.158,57.8
18,P04,Major,9.4,0.08,69.6
19,P04,half-diminished,43.6,0.402,59.3
20,P04,minor,47.9,0.134,65.8
21,P04,minor,24.1,0.147,74.7
22,P04,half-diminished,67.8,0.454,70.8
23,P04,major-seventh,10.1,0.156,56.5
24,P04,dominant-seventh,19.3,0.301,64.1
25,P04,dominant-seventh,48.4,0.361,82.9
26,P04,augmented,43.2,0.448,59.6
27,P04,major-seventh,38.2,0.173,66.1
28,P04,Major,16.8,0.077,66.4
29,P04,half-diminished,66.6,0.475,75.5
30,P04,Major,49.1,0.088,79.9
31,P04,augmented,35.9,0.516,73.2
32,P04,diminished-seventh,53.8,0.509,62.6
33,P04,augmented,32.9,0.43,56.0
34,P04,Major,34.4,0.084,74.9
35,P04,dominant-seventh,67.1,0.341,76.6
1,P05,dominant-seventh,20.8,0.284,58.7
2,P05,minor,38.9,0.152,78.6
3,P05,half-diminished,53.9,0.438,67.3
4,P05,major-seventh,49.2,0.191,76.0
5,P05,Major,17.6,0.088,79.4
6,P05,minor,2.7,0.131,63.7
7,P05,dominant-seventh,32.3,0.345,77.7
8,P05,major-seventh,64.5,0.186,73.3
9,P05,dominant-seventh,62.4,0.364,83.9
10,P05,diminished-seventh,49.4,0.502,61.2
11,P05,Major,10.9,0.076,64.9
12,P05,Major,8.1,0.09,81.9
13,P05,major-seventh,0.0,0.165,61.7
14,P05,diminished-seventh,76.6,0.607,80.3
15,P05,Major,27.0,0.09,82.9
16,P05,augmented,44.0,0.46,61.9
17,P05,augmented,37.7,0.487,67.5
18,P05,half-diminished,30.6,0.383,55.1
19,P05,minor,9.8,0.136,67.1
20,P05,half-diminished,36.6,0.409,60.8
21,P05,dominant-seventh,12.0,0.303,64.8
22,P05,half-diminished,59.0,0.494,79.8
23,P05,major-seventh,10.7,0.167,62.8
24,P05,half-diminished,42.8,0.414,61.9
25,P05,dominant-seventh,3.4,0.289,60.3
26,P05,minor,26.8,0.122,57.3
27,P05,major-seventh,0.0,0.154,55.4
28,P05,diminished-seventh,72.1,0.606,80.1
29,P05,diminished-seventh,62.5,0.566,72.9
30,P05,Major,37.2,0.086,77.7
31,P05,minor,23.9,0.154,79.8
32,P05,diminished-seventh,48.8,0.564,72.5
33,P05,augmented,44.0,0.441,58.2
34,P05,augmented,69.4,0.555,81.1
35,P05,augmented,78.6,0.559,81.8
1,P06,Major,0.0,0.091,83.3
2,P06,augmented,47.7,0.468,63.5
3,P06,Major,55.0,0.086,76.9
4,P06,augmented,64.5,0.572,84.3
5,P06,minor,0.0,0.126,60.0
6,P06,dominant-seventh,21.2,0.283,58.3
7,P06,Major,9.5,0.082,72.9
8,P06,minor,20.7,0.155,80.4
9,P06,diminished-seventh,35.3,0.483,57.8
10,P06,dominant-seventh,40.5,0.324,71.2
11,P06,dominant-seventh,22.3,0.305,65.4
12,P06,diminished-seventh,64.6,0.609,80.8
13,P06,Major,8.6,0.07,58.1
14,P06,half-diminished,62.6,0.496,80.3
15,P06,diminished-seventh,67.2,0.609,80.7
16,P06,diminished-seventh,38.3,0.504,61.7
17,P06,half-diminished,44.5,0.452,70.5
18,P06,major-seventh,0.0,0.172,65.7
19,P06,augmented,66.1,0.537,77.5
20,P06,half-diminished,43.1,0.448,69.5
21,P06,dominant-seventh,47.7,0.337,75.2
22,P06,augmented,31.3,0.532,76.5
23,P06,augmented,27.8,0.52,74.0
24,P06,minor,0.0,0.131,63.5
25,P06,major-seventh,9.9,0.182,70.9
26,P06,minor,0.0,0.126,60.0
27,P06,half-diminished,48.4,0.474,75.4
28,P06,major-seventh,27.6,0.186,73.5
29,P06,half-diminished,45.5,0.462,72.7
30,P06,dominant-seventh,44.7,0.355,80.9
31,P06,Major,1.3,0.077,66.2
32,P06,minor,31.7,0.144,72.8
33,P06,diminished-seventh,40.9,0.502,61.3
34,P06,major-seventh,3.5,0.161,59.4
35,P06,major-seventh,19.4,0.174,66.5
1,P07,major-seventh,13.6,0.156,56.7
2,P07,diminished-seventh,41.8,0.541,68.4
3,P07,half-diminished,60.0,0.479,76.4
4,P07,augmented,64.3,0.54,78.0
5,P07,augmented,36.0,0.478,65.6
6,P07,Major,11.6,0.082,72.5
7,P07,Major,16.1,0.083,73.2
8,P07,half-diminished,41.1,0.507,82.7
9,P07,minor,11.3,0.149,76.2
10,P07,half-diminished,29.6,0.428,65.2
11,P07,minor,25.9,0.136,67.0
12,P07,major-seventh,0.0,0.156,56.9
13,P07,dominant-seventh,40.9,0.327,72.3
14,P07,diminished-seventh,50.3,0.532,66.7
15,P07,Major,0.0,0.071,58.9
16,P07,diminished-seventh,67.0,0.62,82.8
17,P07,minor,19.4,0.138,68.6
18,P07,augmented,37.4,0.459,61.8
19,P07,minor,43.5,0.158,82.5
20,P07,augmented,64.7,0.558,81.7
21,P07,dominant-seventh,33.5,0.338,75.5
22,P07,dominant-seventh,31.7,0.301,64.1
23,P07,major-seventh,2.8,0.154,55.7
24,P07,dominant-seventh,33.5,0.361,82.9
25,P07,half-diminished,26.2,0.42,63.4
26,P07,diminished-seventh,54.1,0.562,72.2
27,P07,Major,0.0,0.068,55.3
28,P07,dominant-seventh,20.7,0.308,66.2
29,P07,major-seventh,3.6,0.158,57.5
30,P07,half-diminished,42.7,0.449,69.8
31,P07,augmented,56.4,0.514,72.7
32,P07,Major,0.8,0.087,78.9
33,P07,major-seventh,0.0,0.177,68.2
34,P07,diminished-seventh,58.4,0.619,82.6
35,P07,minor,21.3,0.145,73.3
1,P08,major-seventh,38.3,0.207,84.9
2,P08,dominant-seventh,52.3,0.349,79.2
3,P08,augmented,72.5,0.533,76.6
4,P08,major-seventh,22.7,0.181,70.8
5,P08,augmented,30.3,0.521,74.2
6,P08,major-seventh,5.2,0.161,59.5
7,P08,diminished-seventh,39.9,0.515,63.6
8,P08,dominant-seventh,49.5,0.367,84.7
9,P08,minor,55.4,0.153,79.3
10,P08,Major,32.1,0.085,76.7
11,P08,half-diminished,46.0,0.467,73.7
12,P08,major-seventh,23.0,0.198,79.9
13,P08,diminished-seventh,72.8,0.554,70.7
14,P08,half-diminished,58.7,0.476,75.8
15,P08,augmented,49.4,0.553,80.6
16,P08,augmented,24.7,0.436,57.2
17,P08,Major,46.2,0.087,78.5
18,P08,diminished-seventh,69.2,0.613,81.4
19,P08,half-diminished,65.8,0.503,81.8
20,P08,diminished-seventh,56.4,0.556,71.1
21,P08,minor,29.3,0.159,83.6
22,P08,augmented,31.7,0.461,62.2
23,P08,Major,14.6,0.069,56.5
24,P08,diminished-seventh,89.0,0.621,82.9
25,P08,dominant-seventh,53.7,0.33,73.2
26,P08,minor,20.5,0.13,63.2
27,P08,minor,37.4,0.15,77.2
28,P08,minor,50.4,0.151,78.0
29,P08,dominant-seventh,27.9,0.333,74.2
30,P08,major-seventh,38.7,0.199,80.5
31,P08,half-diminished,30.0,0.422,63.7
32,P08,Major,41.8,0.088,79.7
33,P08,dominant-seventh,16.9,0.274,55.6
34,P08,half-diminished,45.5,0.391,56.8
35,P08,Major,1.3,0.079,69.3
1,P09,half-diminished,47.2,0.481,76.9
2,P09,Major,0.9,0.086,77.7
3,P09,Major,19.0,0.082,72.7
4,P09,augmented,50.4,0.524,74.8
5,P09,dominant-seventh,35.4,0.303,64.7
6,P09,Major,6.3,0.079,68.6
7,P09,minor,1.0,0.128,61.1
8,P09,minor,13.1,0.122,56.8
9,P09,dominant-seventh,10.9,0.273,55.2
10,P09,diminished-seventh,62.1,0.568,73.3
11,P09,augmented,36.0,0.494,68.8
12,P09,minor,11.7,0.127,60.8
13,P09,diminished-seventh,80.0,0.614,81.7
14,P09,minor,0.0,0.135,66.7
15,P09,diminished-seventh,13.0,0.474,56.2
16,P09,dominant-seventh,52.6,0.365,84.1
17,P09,dominant-seventh,0.0,0.301,64.1
18,P09,major-seventh,18.7,0.184,72.2
19,P09,augmented,65.8,0.534,76.9
20,P09,major-seventh,12.8,0.174,66.5
21,P09,Major,1.9,0.083,73.8
22,P09,diminished-seventh,30.0,0.563,72.3
23,P09,half-diminished,31.6,0.4,58.8
24,P09,dominant-seventh,14.4,0.286,59.5
25,P09,diminished-seventh,54.9,0.559,71.7
26,P09,augmented,36.7,0.517,73.5
27,P09,minor,0.0,0.123,57.8
28,P09,major-seventh,16.3,0.181,70.4
29,P09,half-diminished,66.3,0.486,78.0
30,P09,Major,16.4,0.079,68.9
31,P09,augmented,73.3,0.527,75.4
32,P09,major-seventh,10.2,0.195,78.4
33,P09,half-diminished,18.8,0.414,61.9
34,P09,half-diminished,56.7,0.432,66.0
35,P09,major-seventh,6.4,0.183,71.4
1,P10,major-seventh,22.5,0.174,66.7
2,P10,augmented,31.0,0.455,61.0
3,P10,augmented,75.2,0.554,80.8
4,P10,dominant-seventh,64.1,0.348,78.6
5,P10,dominant-seventh,33.4,0.319,69.6
6,P10,minor,44.6,0.157,82.2
7,P10,Major,29.3,0.084,75.4
8,P10,minor,17.0,0.133,65.3
9,P10,dominant-seventh,44.0,0.315,68.3
10,P10,minor,13.1,0.149,76.1
11,P10,diminished-seventh,83.5,0.618,82.3
12,P10,major-seventh,41.8,0.192,76.5
13,P10,diminished-seventh,56.3,0.589,77.0
14,P10,augmented,43.1,0.478,65.6
15,P10,major-seventh,46.3,0.205,83.9
16,P10,half-diminished,17.2,0.385,55.5
17,P10,minor,0.0,0.128,61.4
18,P10,Major,10.7,0.072,59.8
19,P10,half-diminished,29.8,0.418,63.0
20,P10,diminished-seventh,32.4,0.491,59.2
21,P10,major-seventh,16.3,0.183,71.4
22,P10,half-diminished,0.6,0.395,57.7
23,P10,Major,52.9,0.091,84.1
24,P10,Major,0.8,0.073,61.6
25,P10,major-seventh,25.4,0.177,68.6
26,P10,dominant-seventh,4.6,0.276,56.4
27,P10,dominant-seventh,41.2,0.341,76.7
28,P10,diminished-seventh,33.0,0.493,59.7
29,P10,Major,0.0,0.077,66.3
30,P10,half-diminished,39.6,0.489,78.7
31,P10,minor,0.0,0.12,55.6
32,P10,half-diminished,21.1,0.43,65.5
33,P10,augmented,31.5,0.472,64.4
34,P10,augmented,47.2,0.524,74.8
35,P10,diminished-seventh,50.9,0.574,74.3
1,P11,half-diminished,58.2,0.494,79.7
2,P11,Major,39.8,0.085,76.6
3,P11,dominant-seventh,33.3,0.308,66.4
4,P11,augmented,54.4,0.484,66.8
5,P11,major-seventh,28.0,0.186,73.5
6,P11,Major,18.9,0.085,75.7
7,P11,dominant-seventh,12.8,0.311,67.1
8,P11,augmented,37.8,0.46,61.9
9,P11,diminished-seventh,30.5,0.508,62.4
10,P11,minor,16.1,0.146,74.1
11,P11,dominant-seventh,67.0,0.367,84.7
12,P11,half-diminished,45.3,0.419,63.1
13,P11,major-seventh,18.9,0.156,56.6
14,P11,diminished-seventh,76.2,0.607,80.3
15,P11,Major,11.6,0.071,58.9
16,P11,Major,27.1,0.084,74.7
17,P11,half-diminished,51.5,0.508,82.9
18,P11,major-seventh,26.8,0.183,71.9
19,P11,half-diminished,79.4,0.502,81.5
20,P11,major-seventh,20.1,0.183,71.9
21,P11,diminished-seventh,71.3,0.62,82.7
22,P11,minor,0.0,0.121,56.6
23,P11,minor,4.3,0.157,81.8
24,P11,Major,17.6,0.076,64.6
25,P11,augmented,45.3,0.525,74.9
26,P11,augmented,51.1,0.447,59.4
27,P11,diminished-seventh,89.3,0.605,80.0
28,P11,minor,33.1,0.148,76.0
29,P11,half-diminished,42.3,0.475,75.6
30,P11,dominant-seventh,48.4,0.306,65.7
31,P11,minor,20.8,0.123,57.9
32,P11,augmented,24.0,0.427,55.4
33,P11,major-seventh,27.5,0.163,60.7
34,P11,dominant-seventh,19.5,0.306,65.7
35,P11,diminished-seventh,50.9,0.529,66.1
1,P12,half-diminished,33.2,0.469,74.2
2,P12,dominant-seventh,31.9,0.285,59.1
3,P12,Major,6.8,0.073,61.1
4,P12,major-seventh,17.5,0.201,81.4
5,P12,dominant-seventh,26.7,0.338,75.7
6,P12,dominant-seventh,29.2,0.305,65.3
7,P12,half-diminished,45.5,0.441,67.9
8,P12,augmented,69.1,0.529,75.8
9,P12,major-seventh,8.4,0.156,56.7
10,P12,diminished-seventh,26.3,0.502,61.2
11,P12,augmented,22.2,0.439,57.7
12,P12,diminished-seventh,77.8,0.62,82.7
13,P12,major-seventh,29.9,0.179,69.7
14,P12,dominant-seventh,38.5,0.363,83.5
15,P12,Major,14.2,0.087,78.8
16,P12,Major,19.3,0.069,55.9
17,P12,augmented,64.7,0.528,75.7
18,P12,augmented,40.9,0.47,64.1
19,P12,half-diminished,61.3,0.502,81.6
20,P12,half-diminished,18.7,0.401,59.1
21,P12,Major,5.3,0.085,76.0
22,P12,minor,27.3,0.136,66.9
23,P12,minor,39.7,0.149,76.5
24,P12,half-diminished,44.7,0.474,75.3
25,P12,minor,47.5,0.16,84.4
26,P12,augmented,26.0,0.437,57.4
27,P12,minor,27.2,0.144,72.7
28,P12,major-seventh,30.0,0.177,68.6
29,P12,diminished-seventh,36.3,0.497,60.4
30,P12,Major,10.0,0.068,55.5
31,P12,minor,45.1,0.158,83.2
32,P12,dominant-seventh,37.8,0.362,83.1
33,P12,diminished-seventh,53.7,0.567,73.1
34,P12,major-seventh,13.6,0.187,74.0
35,P12,diminished-seventh,58.2,0.532,66.7
1,P13,augmented,7.9,0.47,64.0
2,P13,diminished-seventh,28.8,0.481,57.5
3,P13,diminished-seventh,30.3,0.543,68.8
4,P13,Major,20.3,0.084,74.9
5,P13,half-diminished,52.1,0.475,75.5
6,P13,half-diminished,57.4,0.483,77.3
7,P13,major-seventh,8.6,0.19,75.4
8,P13,augmented,71.2,0.574,84.7
9,P13,half-diminished,29.1,0.392,57.1
10,P13,augmented,32.4,0.466,63.1
11,P13,Major,3.2,0.075,63.6
12,P13,dominant-seventh,21.8,0.301,64.2
13,P13,augmented,58.9,0.549,79.9
14,P13,dominant-seventh,26.1,0.303,64.7
15,P13,Major,8.4,0.081,71.8
16,P13,diminished-seventh,35.7,0.49,59.0
17,P13,diminished-seventh,18.3,0.483,57.9
18,P13,Major,14.7,0.091,83.4
19,P13,major-seventh,30.9,0.195,78.2
20,P13,augmented,35.2,0.46,62.0
21,P13,minor,22.7,0.127,60.7
22,P13,dominant-seventh,38.8,0.328,72.6
23,P13,Major,18.4,0.088,79.4
24,P13,major-seventh,17.2,0.179,69.6
25,P13,half-diminished,44.8,0.504,81.9
26,P13,dominant-seventh,44.2,0.283,58.3
27,P13,major-seventh,37.7,0.193,77.4
28,P13,minor,0.0,0.127,60.6
29,P13,dominant-seventh,37.5,0.334,74.4
30,P13,diminished-seventh,63.8,0.603,79.6
31,P13,minor,15.4,0.134,65.7
32,P13,minor,30.7,0.142,71.2
33,P13,major-seventh,29.4,0.19,75.5
34,P13,half-diminished,30.8,0.439,67.5
35,P13,minor,24.1,0.134,65.6
1,P14,diminished-seventh,41.0,0.54,68.1
2,P14,Major,19.8,0.082,73.1
3,P14,minor,12.7,0.129,61.8
4,P14,half-diminished,39.4,0.472,74.9
5,P14,augmented,70.1,0.555,81.0
6,P14,dominant-seventh,51.9,0.361,82.7
7,P14,minor,44.6,0.16,84.5
8,P14,minor,13.0,0.134,65.7
9,P14,half-diminished,48.7,0.508,82.9
10,P14,diminished-seventh,86.2,0.611,81.0
11,P14,diminished-seventh,52.3,0.57,73.6
12,P14,minor,9.5,0.147,74.9
13,P14,Major,1.3,0.072,60.1
14,P14,Major,8.2,0.085,76.6
15,P14,Major,3.8,0.076,65.4
16,P14,augmented,19.3,0.453,60.5
17,P14,diminished-seventh,55.3,0.621,82.9
18,P14,dominant-seventh,30.1,0.286,59.5
19,P14,half-diminished,48.4,0.462,72.6
20,P14,dominant-seventh,34.0,0.36,82.6
21,P14,dominant-seventh,40.4,0.362,83.2
22,P14,augmented,29.7,0.458,61.6
23,P14,half-diminished,40.8,0.451,70.2
24,P14,major-seventh,5.7,0.154,55.4
25,P14,Major,22.9,0.074,63.1
26,P14,major-seventh,25.0,0.174,66.4
27,P14,diminished-seventh,61.7,0.581,75.6
28,P14,half-diminished,37.1,0.444,68.6
29,P14,major-seventh,0.0,0.166,62.1
30,P14,major-seventh,7.1,0.161,59.5
31,P14,augmented,34.0,0.485,67.1
32,P14,minor,14.8,0.13,62.7
33,P14,major-seventh,14.4,0.173,65.9
34,P14,augmented,60.6,0.542,78.5
35,P14,dominant-seventh,66.0,0.341,76.5
1,P15,major-seventh,31.6,0.188,74.6
2,P15,major-seventh,16.4,0.168,63.5
3,P15,minor,3.7,0.149,76.4
4,P15,half-diminished,65.0,0.476,75.8
5,P15,augmented,69.2,0.546,79.3
6,P15,Major,0.0,0.088,79.8
7,P15,dominant-seventh,10.6,0.28,57.5
8,P15,minor,0.0,0.122,56.8
9,P15,Major,0.0,0.075,63.4
10,P15,augmented,18.4,0.475,64.9
11,P15,Major,39.9,0.089,80.8
12,P15,major-seventh,19.1,0.178,68.9
13,P15,major-seventh,40.7,0.163,60.7
14,P15,Major,25.4,0.076,65.3
15,P15,diminished-seventh,23.3,0.476,56.5
16,P15,half-diminished,38.0,0.446,69.1
17,P15,diminished-seventh,69.2,0.612,81.2
18,P15,half-diminished,67.1,0.513,83.9
19,P15,minor,40.9,0.159,83.6
20,P15,Major,26.0,0.09,81.9
21,P15,minor,24.8,0.156,81.4
22,P15,augmented,36.3,0.447,59.3
23,P15,diminished-seventh,36.8,0.548,69.7
24,P15,augmented,40.5,0.487,67.5
25,P15,dominant-seventh,1.0,0.276,56.3
26,P15,minor,4.3,0.123,57.6
27,P15,diminished-seventh,61.0,0.576,74.8
28,P15,dominant-seventh,39.0,0.366,84.4
29,P15,half-diminished,69.6,0.508,83.0
30,P15,dominant-seventh,40.8,0.315,68.4
31,P15,diminished-seventh,36.3,0.539,68.0
32,P15,augmented,41.2,0.433,56.7
33,P15,dominant-seventh,38.3,0.307,66.0
34,P15,major-seventh,12.3,0.176,68.0
35,P15,half-diminished,58.6,0.458,71.7
1,P16,diminished-seventh,36.8,0.538,67.9
2,P16,half-diminished,9.3,0.394,57.6
3,P16,dominant-seventh,18.6,0.326,72.0
4,P16,half-diminished,33.0,0.487,78.3
5,P16,minor,14.8,0.155,80.4
6,P16,minor,9.4,0.12,55.7
7,P16,diminished-seventh,30.7,0.474,56.1
8,P16,diminished-seventh,46.2,0.529,66.1
9,P16,dominant-seventh,8.4,0.294,61.9
10,P16,diminished-seventh,56.5,0.544,69.0
11,P16,minor,16.5,0.153,79.4
12,P16,augmented,51.7,0.544,78.9
13,P16,major-seventh,6.1,0.189,74.8
14,P16,dominant-seventh,19.6,0.28,57.4
15,P16,major-seventh,1.6,0.199,80.8
16,P16,major-seventh,0.0,0.164,61.3
17,P16,half-diminished,19.2,0.422,63.7
18,P16,Major,5.0,0.07,57.1
19,P16,half-diminished,29.5,0.389,56.5
20,P16,Major,10.6,0.089,81.0
21,P16,augmented,61.5,0.539,77.9
22,P16,half-diminished,27.3,0.425,64.5
23,P16,dominant-seventh,28.7,0.356,81.4
24,P16,Major,4.8,0.078,67.3
25,P16,Major,9.1,0.086,77.3
26,P16,dominant-seventh,21.8,0.326,71.9
27,P16,minor,0.0,0.128,61.3
28,P16,major-seventh,13.7,0.187,73.8
29,P16,augmented,33.2,0.471,64.3
30,P16,major-seventh,0.0,0.165,61.8
31,P16,Major,7.1,0.073,61.8
32,P16,augmented,51.7,0.549,79.8
33,P16,augmented,49.2,0.452,60.3
34,P16,minor,0.0,0.13,63.2
35,P16,diminished-seventh,41.3,0.514,63.4
1,P17,dominant-seventh,13.9,0.303,64.6
2,P17,minor,19.4,0.147,75.1
3,P17,Major,11.2,0.09,83.1
4,P17,augmented,37.5,0.52,74.1
5,P17,diminished-seventh,52.9,0.52,64.5
6,P17,augmented,56.8,0.505,70.9
7,P17,augmented,49.2,0.454,60.8
8,P17,dominant-seventh,33.1,0.355,81.0
9,P17,dominant-seventh,51.9,0.341,76.6
10,P17,half-diminished,11.8,0.425,64.5
11,P17,dominant-seventh,50.9,0.347,78.4
12,P17,major-seventh,16.9,0.164,61.2
13,P17,minor,0.0,0.125,59.3
14,P17,Major,6.0,0.078,67.3
15,P17,half-diminished,6.3,0.392,57.1
16,P17,major-seventh,20.3,0.204,83.5
17,P17,dominant-seventh,34.1,0.307,65.9
18,P17,augmented,70.5,0.545,79.1
19,P17,Major,1.6,0.074,63.0
20,P17,diminished-seventh,66.6,0.617,82.2
21,P17,half-diminished,48.5,0.434,66.5
22,P17,Major,2.4,0.069,56.8
23,P17,major-seventh,12.5,0.205,83.9
24,P17,augmented,37.4,0.44,57.9
25,P17,half-diminished,53.9,0.517,84.9
26,P17,minor,44.6,0.132,64.3
27,P17,minor,0.0,0.128,61.5
28,P17,minor,2.5,0.132,64.1
29,P17,half-diminished,25.2,0.454,70.8
30,P17,major-seventh,21.1,0.198,80.1
31,P17,Major,0.0,0.072,59.6
32,P17,diminished-seventh,27.0,0.476,56.6
33,P17,diminished-seventh,49.1,0.596,78.4
34,P17,diminished-seventh,38.9,0.57,73.6
35,P17,major-seventh,56.2,0.207,84.8
1,P18,half-diminished,55.5,0.49,78.8
2,P18,augmented,45.2,0.464,62.9
3,P18,half-diminished,27.2,0.407,60.4
4,P18,major-seventh,28.0,0.197,79.4
5,P18,Major,24.9,0.091,83.9
6,P18,half-diminished,47.2,0.414,62.1
7,P18,major-seventh,32.4,0.197,79.3
8,P18,augmented,28.7,0.461,62.1
9,P18,dominant-seventh,33.7,0.304,65.0
10,P18,Major,3.4,0.073,60.7
11,P18,augmented,49.6,0.536,77.3
12,P18,Major,31.5,0.09,82.8
13,P18,minor,1.0,0.12,56.0
14,P18,minor,1.9,0.127,60.4
15,P18,half-diminished,42.0,0.441,68.1
16,P18,augmented,62.0,0.561,82.2
17,P18,dominant-seventh,38.5,0.33,73.1
18,P18,Major,52.6,0.082,72.6
19,P18,dominant-seventh,16.1,0.289,60.4
20,P18,diminished-seventh,63.1,0.554,70.8
21,P18,minor,0.0,0.144,72.9
22,P18,major-seventh,41.2,0.181,70.6
23,P18,half-diminished,32.3,0.397,58.2
24,P18,major-seventh,30.0,0.193,77.1
25,P18,Major,13.5,0.079,69.0
26,P18,augmented,56.3,0.511,72.2
27,P18,dominant-seventh,21.1,0.276,56.3
28,P18,diminished-seventh,63.8,0.575,74.5
29,P18,minor,18.7,0.13,63.1
30,P18,dominant-seventh,46.5,0.343,77.2
31,P18,major-seventh,33.3,0.188,74.2
32,P18,diminished-seventh,32.2,0.538,67.8
33,P18,minor,39.4,0.137,67.9
34,P18,diminished-seventh,73.8,0.592,77.6
35,P18,diminished-seventh,76.7,0.601,79.2
1,P19,half-diminished,37.4,0.508,82.9
2,P19,half-diminished,45.2,0.406,60.2
3,P19,minor,10.5,0.125,59.1
4,P19,augmented,13.5,0.455,61.0
5,P19,augmented,86.5,0.572,84.3
6,P19,dominant-seventh,22.7,0.295,62.1
7,P19,Major,0.0,0.08,69.4
8,P19,minor,6.1,0.119,55.2
9,P19,major-seventh,0.0,0.183,71.8
10,P19,Major,30.2,0.078,66.9
11,P19,augmented,59.6,0.516,73.2
12,P19,diminished-seventh,19.2,0.514,63.4
13,P19,major-seventh,36.0,0.205,84.1
14,P19,Major,37.3,0.09,81.9
15,P19,augmented,51.6,0.463,62.5
16,P19,half-diminished,53.3,0.481,76.8
17,P19,dominant-seventh,41.1,0.366,84.5
18,P19,major-seventh,0.4,0.173,66.2
19,P19,major-seventh,15.7,0.175,67.3
20,P19,augmented,28.8,0.466,63.1
21,P19,diminished-seventh,65.0,0.623,83.2
22,P19,diminished-seventh,84.6,0.63,84.6
23,P19,half-diminished,28.7,0.426,64.7
24,P19,half-diminished,25.9,0.415,62.3
25,P19,diminished-seventh,47.4,0.581,75.7
26,P19,dominant-seventh,45.6,0.315,68.3
27,P19,dominant-seventh,2.3,0.274,55.7
28,P19,diminished-seventh,40.8,0.563,72.3
29,P19,minor,5.3,0.135,66.1
30,P19,Major,0.0,0.075,64.3
31,P19,Major,0.0,0.08,69.7
32,P19,dominant-seventh,5.4,0.285,59.0
33,P19,minor,29.1,0.139,69.2
34,P19,minor,0.5,0.144,72.7
35,P19,major-seventh,39.2,0.174,66.8
1,P20,half-diminished,10.0,0.433,66.3
2,P20,dominant-seventh,37.4,0.367,84.6
3,P20,major-seventh,0.0,0.158,57.7
4,P20,diminished-seventh,37.9,0.542,68.6
5,P20,half-diminished,16.7,0.417,62.6
6,P20,minor,0.0,0.139,69.6
7,P20,half-diminished,29.0,0.442,68.2
8,P20,Major,7.0,0.083,73.2
9,P20,major-seventh,0.0,0.161,59.2
10,P20,Major,0.0,0.083,73.3
11,P20,augmented,23.4,0.432,56.4
12,P20,major-seventh,16.2,0.191,75.9
13,P20,diminished-seventh,54.0,0.597,78.5
14,P20,minor,9.1,0.152,78.5
15,P20,dominant-seventh,31.2,0.287,59.7
16,P20,augmented,57.8,0.54,78.0
17,P20,augmented,39.4,0.525,74.9
18,P20,dominant-seventh,37.4,0.364,83.7
19,P20,half-diminished,25.0,0.466,73.5
20,P20,diminished-seventh,54.0,0.531,66.6
21,P20,dominant-seventh,9.4,0.315,68.5
22,P20,Major,0.0,0.077,66.5
23,P20,minor,11.3,0.149,76.5
24,P20,augmented,21.1,0.452,60.4
25,P20,major-seventh,5.0,0.166,62.4
26,P20,diminished-seventh,23.3,0.52,64.6
27,P20,major-seventh,14.7,0.198,80.2
28,P20,augmented,33.8,0.438,57.5
29,P20,half-diminished,28.6,0.481,76.8
30,P20,minor,6.2,0.144,73.2
31,P20,minor,0.0,0.143,72.4
32,P20,Major,12.4,0.069,56.4
33,P20,dominant-seventh,17.2,0.329,72.8
34,P20,diminished-seventh,26.2,0.518,64.2
35,P20,Major,0.0,0.076,64.8
1,P21,minor,12.5,0.124,58.6
2,P21,dominant-seventh,28.8,0.296,62.5
3,P21,diminished-seventh,32.7,0.472,55.9
4,P21,major-seventh,13.8,0.19,75.6
5,P21,minor,0.0,0.123,58.2
6,P21,half-diminished,59.3,0.508,82.9
7,P21,half-diminished,77.9,0.513,84.0
8,P21,dominant-seventh,22.7,0.34,76.3
9,P21,augmented,43.4,0.575,84.9
10,P21,dominant-seventh,8.6,0.309,66.5
11,P21,diminished-seventh,81.0,0.631,84.8
12,P21,Major,24.7,0.091,83.2
13,P21,minor,0.0,0.129,62.0
14,P21,major-seventh,30.0,0.19,75.7
15,P21,diminished-seventh,59.3,0.559,71.6
16,P21,Major,0.0,0.075,64.2
17,P21,dominant-seventh,51.7,0.333,74.2
18,P21,minor,0.0,0.128,61.4
19,P21,Major,24.6,0.084,74.5
20,P21,diminished-seventh,20.5,0.499,60.8
21,P21,half-diminished,49.3,0.511,83.5
22,P21,major-seventh,22.4,0.176,67.7
23,P21,Major,0.0,0.08,69.6
24,P21,Major,0.0,0.074,62.9
25,P21,augmented,24.1,0.449,59.8
26,P21,dominant-seventh,20.9,0.313,67.8
27,P21,diminished-seventh,28.8,0.513,63.3
28,P21,augmented,45.2,0.531,76.3
29,P21,augmented,61.3,0.561,82.2
30,P21,minor,22.4,0.15,77.3
31,P21,augmented,49.2,0.526,75.3
32,P21,half-diminished,33.1,0.387,56.1
33,P21,major-seventh,32.0,0.192,76.7
34,P21,half-diminished,56.4,0.484,77.5
35,P21,major-seventh,14.8,0.183,71.8
1,P22,minor,31.3,0.151,77.6
2,P22,dominant-seventh,52.0,0.323,70.8
3,P22,half-diminished,50.9,0.48,76.6
4,P22,half-diminished,58.5,0.497,80.5
5,P22,major-seventh,30.9,0.195,78.5
6,P22,dominant-seventh,61.4,0.363,83.3
7,P22,Major,0.0,0.074,62.0
8,P22,Major,6.0,0.072,60.3
9,P22,augmented,34.4,0.436,57.2
10,P22,dominant-seventh,72.8,0.356,81.1
11,P22,Major,17.5,0.079,68.3
12,P22,dominant-seventh,55.9,0.363,83.3
13,P22,Major,8.7,0.078,67.0
14,P22,major-seventh,16.9,0.161,59.4
15,P22,minor,11.3,0.142,71.6
16,P22,major-seventh,48.1,0.181,70.8
17,P22,minor,13.5,0.125,59.4
18,P22,diminished-seventh,82.2,0.623,83.3
19,P22,Major,22.6,0.087,78.3
20,P22,half-diminished,22.3,0.397,58.3
21,P22,diminished-seventh,64.4,0.525,65.5
22,P22,half-diminished,39.9,0.46,72.2
23,P22,minor,22.9,0.135,66.2
24,P22,augmented,34.8,0.426,55.2
25,P22,diminished-seventh,55.7,0.507,62.2
26,P22,half-diminished,61.9,0.473,75.2
27,P22,dominant-seventh,48.6,0.359,82.3
28,P22,major-seventh,20.7,0.189,74.9
29,P22,augmented,79.0,0.545,79.0
30,P22,diminished-seventh,63.3,0.613,81.4
31,P22,diminished-seventh,58.2,0.476,56.5
32,P22,minor,3.0,0.133,65.1
33,P22,augmented,46.0,0.494,68.8
34,P22,augmented,77.2,0.533,76.7
35,P22,major-seventh,6.8,0.162,60.1
1,P23,dominant-seventh,26.1,0.302,64.5
2,P23,Major,12.8,0.07,57.7
3,P23,major-seventh,33.5,0.202,82.1
4,P23,half-diminished,54.4,0.494,79.7
5,P23,dominant-seventh,17.4,0.295,62.3
6,P23,augmented,30.0,0.445,59.0
7,P23,augmented,54.1,0.551,80.3
8,P23,minor,2.8,0.123,57.5
9,P23,major-seventh,0.0,0.162,59.9
10,P23,diminished-seventh,81.5,0.592,77.6
11,P23,major-seventh,20.6,0.193,77.5
12,P23,Major,0.0,0.079,68.3
13,P23,Major,8.5,0.09,82.4
14,P23,minor,4.9,0.134,65.4
15,P23,minor,20.6,0.129,62.4
16,P23,diminished-seventh,43.6,0.492,59.5
17,P23,half-diminished,43.0,0.458,71.8
18,P23,diminished-seventh,71.2,0.621,83.0
19,P23,minor,22.3,0.15,77.4
20,P23,Major,43.4,0.091,83.4
21,P23,half-diminished,42.0,0.446,69.1
22,P23,augmented,61.0,0.551,80.2
23,P23,diminished-seventh,48.8,0.589,77.1
24,P23,augmented,57.8,0.558,81.7
25,P23,dominant-seventh,30.9,0.331,73.4
26,P23,half-diminished,18.9,0.392,57.1
27,P23,augmented,54.9,0.486,67.3
28,P23,major-seventh,8.2,0.173,66.0
29,P23,diminished-seventh,51.9,0.6,79.1
30,P23,half-diminished,28.0,0.402,59.4
31,P23,minor,0.0,0.125,59.2
32,P23,Major,0.0,0.071,58.8
33,P23,dominant-seventh,22.7,0.347,78.5
34,P23,dominant-seventh,26.9,0.289,60.4
35,P23,major-seventh,0.0,0.157,57.3
1,P24,dominant-seventh,21.5,0.289,60.3
2,P24,minor,7.8,0.145,73.4
3,P24,Major,7.3,0.086,77.2
4,P24,minor,10.3,0.124,58.9
5,P24,major-seventh,2.4,0.159,58.5
6,P24,half-diminished,38.5,0.416,62.5
7,P24,major-seventh,41.7,0.161,59.3
8,P24,Major,0.0,0.086,77.4
9,P24,dominant-seventh,29.1,0.297,62.7
10,P24,diminished-seventh,83.7,0.616,82.0
11,P24,major-seventh,2.9,0.187,73.7
12,P24,half-diminished,64.4,0.464,73.0
13,P24,Major,25.4,0.07,56.9
14,P24,augmented,50.3,0.573,84.6
15,P24,major-seventh,11.7,0.173,66.2
16,P24,dominant-seventh,46.1,0.359,82.3
17,P24,minor,0.0,0.12,55.9
18,P24,minor,19.4,0.154,80.0
19,P24,augmented,59.7,0.528,75.7
20,P24,diminished-seventh,54.4,0.579,75.3
21,P24,diminished-seventh,39.1,0.586,76.5
22,P24,Major,0.0,0.078,67.8
23,P24,augmented,84.5,0.521,74.3
24,P24,half-diminished,50.5,0.428,65.1
25,P24,dominant-seventh,17.2,0.352,80.1
26,P24,diminished-seventh,64.9,0.609,80.7
27,P24,augmented,37.1,0.453,60.5
28,P24,half-diminished,54.2,0.463,72.9
29,P24,Major,14.2,0.077,66.7
30,P24,augmented,36.8,0.521,74.3
31,P24,dominant-seventh,28.9,0.299,63.4
32,P24,diminished-seventh,65.0,0.592,77.7
33,P24,major-seventh,0.0,0.184,72.0
34,P24,half-diminished,36.5,0.511,83.5
35,P24,minor,17.5,0.14,70.0
